ID,New (added after start of experiment),House,Cold/Warm,Established date,Established time,Larval stage,Weight,Shedding/Not,Checked date,Checked time,Larval stage,Weight,Shedding/Not,Comments,Checked date,Checked time,Larval stage,Weight,Shedding/Not,Comments,Checked date,Checked time,Larval stage,Weight,Shedding/Not,Comments,Checked date,Checked time,Larval stage,Weight,Shedding/Not,Comments,Checked date,Checked time,Larval stage,Weight,Shedding/Not,Comments,Checked date,Checked time,Larval stage,Weight,Shedding/Not,Comments,Checked date,Checked time,Larval stage,Weight,Shedding/Not,Comments,Checked date,Checked time,Larval stage,Weight,Shedding/Not,Comments,Checked date,Checked time,Larval stage,Weight,Shedding/Not,Comments,Checked date,Checked time,Larval stage,Weight,Shedding/Not,Comments,Checked date,Checked time,Larval stage,Weight,Shedding/Not,Comments
1,,3,W,30.6.2026,10.3,2,"0,018",Y,3.7.2026,12,3,"0,0432",N,,4.7.2026,18.21,3,"0,0661",Y,,6.7.2026,18.15,3,"0,0719",Y,off flower,08.07.26,17.33,4-Mar,"0,0701",N,/,10.07.2026,16.34,3,"0,1154",N?,,12.07.26,14,4,"0,1651",N,,14.07.26,19.5,4,"0,1662",Y,,16.07.2026,17.11,4,"0,1507",Y,,18.07.2026,17.48,4,"0,1155",Y,,20.07.2026,17.13,P,"0,1119",Y,actively shedding,22.07.2026,11.25,P,"0,1119",NA,
2,,3,C,30.6.2026,10.38,1,"0,018",N,3.7.2026,10.38,1,"0,0212",Y?,"little feeding, on flower",4.7.2026,17.18,1,"0,0229",N,,6.7.2026,17.45,1,"0,0267",Y?,actively fed;off flowers,08.07.26,16.51,1,"0,0252",N,on plant,10.07.2026,15.39,1,"0,0218",Y,,12.07.26,13.22,1,"0,021",Y,,14.07.26,19.09,1,"0,0158",Y,looks parasitized; seems unresponsive,16.07.2026,17.48,NA,"0,0158",NA,parasitized; could not be weighted,18.07.2026,18.11,NA,"0,0158",NA,,20.07.2026,16.41,NA,"0,0158",NA,,22.07.2026,11.16,NA,"0,0158",NA,
3,,9,C,30.6.2026,10.4,3,"0,0336",N,2.7.2026,20.13,3,"0,0655",Y,,4.7.2026,11.13,3,"0,0698",Y?,,6.7.2026,10.42,4,"0,0817",N,just shed,08.07.26,11.1,4,"0,1383",N,,10.07.2026,11.06,4,"0,1642",Y?,all shit,12.07.26,10.22,4,"0,157",Y,,14.07.26,16.41,4,"0,1079",Y,"cocooned in flowers, but Pat ripped it open",16.07.2026,15.01,4,"0,1051",Y,no shit,18.07.2026,14.45,P,"0,1014",N,just shed,20.07.2026,15.12,P,"0,1014",NA,,22.07.2026,11.32,P,"0,1014",NA,
4,,2,C,30.6.2026,10.45,2,"0,016",N,2.7.2026,17,2,"0,0255",Y,,4.7.2026,11.57,2,"0,0242",Y,,6.7.2026,,3,"0,023",N,freshly shed; skin present,08.07.26,12.33,3,"0,0288",N,did not eat,10.07.2026,11.59,3,"0,0383",N,actively feeding,12.07.26,11.2,3,"0,0417",N,did not eat,14.07.26,17.23,3,"0,0494",Y?,,16.07.2026,15.34,3,"0,0633",Y,,18.07.2026,15.39,3,"0,0632",Y,,20.07.2026,15.48,3,"0,0616",Y,,22.07.2026,9.5,4,"0,0536",N,just shed
5,,2,W,30.6.2026,10.48,2,"0,0208",N,2.7.2026,15.25,3,"0,0599",N,,4.7.2026,12.46,4,"0,0899",N,"freshly shed, all flowers consumed",6.7.2026,12.2,4,"0,1817",N,ate all food,08.07.26,14.26,4,"0,1718",N,ate almost all food,10.07.2026,12.21,4,"0,1456",Y?,,12.07.26,12.02,4,"0,1181",Y,about to pupate,14.07.26,17.54,P,"0,081",NA,maybe parasitized; pus coming out; large liquid stain around individual; smelly,16.07.2026,15.54,P,"0,081",NA,,18.07.2026,16.06,P,"0,081",NA,parasitized,20.07.2026,15.57,NA,"0,081",NA,,22.07.2026,10.03,P,"0,081",NA,parasitized; dried up
6,,9,C,30.6.2026,10.5,2,"0,0183",N,2.7.2026,18.55,3,"0,0184",N,freshly shed,4.7.2026,11,3,"0,0341",N,,6.7.2026,9.59,4,"0,0652",N,,08.07.26,11.46,4,"0,0601",Y,,10.07.2026,10.48,4,"0,0508",Y,PARASITIZED,12.07.26,10.44,4,"0,0508",NA,PARASITIZED; looks cocooned,14.07.26,16.24,4,"0,0508",NA,cocooned,16.07.2026,15.08,NA,"0,0508",NA,,18.07.2026,15.05,NA,"0,0508",NA,,20.07.2026,15.19,NA,"0,0508",NA,,22.07.2026,9.11,NA,"0,0508",NA,
7,,9,C,30.6.2026,10.58,2-Jan,"0,0099",N,2.7.2026,20.15,2-Jan,"0,0205",Y,,4.7.2026,11,3,"0,0197",N,freshly shed,6.7.2026,10.17,3,"0,0525",N,,08.07.26,11.29,4-Mar,"0,0713",N,did not eat,10.07.2026,10.59,3,"0,1011",N,,12.07.26,10.35,3,"0,1599",Y?,lots of shit,14.07.26,16.32,3,"0,1724",Y ,lots of shit,16.07.2026,15.13,3,"0,1259",Y,no shit,18.07.2026,14.4,4,"0,1072",Y,no shit,20.07.2026,15.14,P,"0,1042",N,just shed,22.07.2026,9.3,P,"0,1042",N,
8,,9,C,30.6.2026,11,2,"0,0141",N,2.7.2026,20.15,2,"0,0184",Y,,4.7.2026,11.13,3,"0,0191",N,freshly shed,6.7.2026,10.53,3,"0,0474",N,,08.07.26,11.01,3,"0,0648",Y,did not eat,10.07.2026,11.13,4,"0,0854",N,just shed,12.07.26,10.41,4,"0,1389",N,,14.07.26,16.27,4,"0,1799",Y?,all shit,16.07.2026,14.57,4,"0,1707",Y,,18.07.2026,15.09,4,"0,1476",Y,,20.07.2026,15.17,4,"0,117",Y,"cocooned, but Pat saved the day",22.07.2026,09.09,4,"0,0023",N,larva shrunk and dried up; parasitized
9,,11,W,30.6.2026,11.13,2,"0,0174",N,2.7.2026,21.27,3,"0,0391",N,,4.7.2026,15.56,3,"0,0601",Y,,6.7.2026,16.14,4,"0,0722",N,flowers dried,08.07.26,13.1,4,"0,088",N,,10.07.2026,15.05,4,"0,0625",Y?,unresponsive,12.07.26,12.43,4,"0,0331",N,DEAD,14.07.26,18.45,NA,"0,0331",NA,,16.07.2026,16.39,NA,"0,0331",NA,,18.07.2026,16.26,NA,"0,0331",NA,,20.07.2026,17.42,NA,"0,0331",NA,,22.07.2026,10.39,NA,"0,0331",NA,
10,,9,W,30.6.2026,11.13,2,"0,008",N,2.7.2026,17.55,3,"0,0209",N,,4.7.2026,10.13,3,"0,058",Y,,6.7.2026,11.15,3,"0,1016",N,ate all food,08.07.26,10.55,4,"0,1724",Y?,ate all food,10.07.2026,10.06,4,"0,1515",Y,ate most food,12.07.26,10.59,4,"0,1488",Y,,14.07.26,16.51,4,"0,1261",Y?,looks parasitized,16.07.2026,14.23,NA,"0,0764",NA,PARASITIZED; broke in half,18.07.2026,15.18,NA,"0,0764",NA,PARASITIZED,20.07.2026,15.24,NA,"0,0764",NA,,22.07.2026,9.39,NA,"0,0764",NA,
11,,9,C,30.6.2026,11.15,1,"0,005",N,2.7.2026,18.55,1,"0,0036",N,,4.7.2026,11.24,1,"0,0097",Y,,6.7.2026,10.28,1,"0,0168",Y,,08.07.26,11.23,2,"0,0425",N,,10.07.2026,10.35,2,"0,0694",N,,12.07.26,10.32,4,"0,0844",N,just shed,14.07.26,16.19,4,"0,1449",N,lots of shit,16.07.2026,15.16,4,"0,1654",N ,a lot of shit,18.07.2026,15.05,4,"0,1638",Y,lots of shit,20.07.2026,15.19,4,"0,1422",Y,,22.07.2026,9.19,4,"0,1192",Y,
12,,3,W,30.6.2026,11.2,1,"0,008",N,3.7.2026,11.33,1,"0,0178",Y,,4.7.2026,18.18,1,"0,0161",Y,,6.7.2026,18.13,3,"0,0161",N,freshly shed; skin seen,08.07.26,17.23,3,"0,0156",Y?,unresponsive,10.07.2026,16.49,3,"0,0106",N,PARASITIZED?,12.07.26,13.58,NA,"0,0106",NA,PARASITIZED,14.07.26,20.04,NA,"0,0106",NA,,16.07.2026,17.18,NA,"0,0106",NA,,18.07.2026,17.37,NA,"0,0106",NA,,20.07.2026,17.37,NA,"0,0106",NA,,22.07.2026,11.3,NA,"0,0106",NA,
13,,2,W,30.6.2026,11.25,3,"0,0396",N,2.7.2026,16,4,"0,0422",N,,4.7.2026,12.52,4,"0,066",N,,6.7.2026,12.32,4,"0,0647",N,,08.07.26,14.19,4,"0,0615",N,,10.07.2026,12.29,4,"0,0615",NA,PARASITIZED,12.07.26,12,NA,"0,0615",NA,,14.07.26,17.58,NA,"0,0615",NA,,16.07.2026,15.53,NA,"0,0615",NA,,18.07.2026,16.07,NA,"0,0615",NA,parasitized,20.07.2026,15.56,NA,"0,0615",NA,,22.07.2026,10.04,NA,"0,0615",NA,
14,,2,W,30.6.2026,11.3,4,"0,0544",N,2.7.2026,15.45,5,"0,0732",N,,4.7.2026,14.14,4,"0,1489",N,all flowers consumed,6.7.2026,12.19,4,"0,1595",Y,,08.07.26,14.15,4,"0,1398",Y,,10.07.2026,12.36,P,"0,1256",N,just shed,12.07.26,12.21,P,"0,1251",NA,,14.07.26,17.45,P,"0,1255",N,,16.07.2026,15.56,P,"0,1255",NA,,18.07.2026,16.08,P,"0,1255",NA,,20.07.2026,16.02,P,"0,1255",NA,,22.07.2026,10.01,P,"0,1255",NA,
15,,3,W,30.6.2026,11.3,2,"0,0259",N,3.7.2026,10.54,3,"0,0274",N,freshly shed,4.7.2026,18.34,3,"0,0434",N,,6.7.2026,18.33,3,"0,0672",Y,off flowers,08.07.26,17.2,3,"0,0628",N,didn't eat a lot,10.07.2026,16.2,4,"0,0879",N,just shed,12.07.26,14.09,4,"0,125",N,a lot of shit,14.07.26,19.41,4,"0,17",Y,all shit,16.07.2026,17.01,4,"0,1538",Y ,found individual 133 on wild flower,18.07.2026,17.29,4,"0,1314",Y,no shit,20.07.2026,17.27,4,"0,115",Y,,22.07.2026,11.23,4,"0,1137",Y,
16,,2,C,30.6.2026,11.35,2,"0,0213",N,2.7.2026,16.15,2,"0,0266",Y,,4.7.2026,11.55,2,"0,0248",Y,,6.7.2026,13.55,3,"0,0285",N,freshly shed; skin and head capsule,08.07.26,12.53,3,"0,0345",N,actively feeding ,10.07.2026,12.03,3,"0,0409",Y?,,12.07.26,11.19,3,"0,0432",N,did not eat,14.07.26,17.16,3,"0,0554",N,,16.07.2026,15.44,3,"0,0787",Y?,,18.07.2026,15.59,3,"0,0759",Y,,20.07.2026,15.41,3,"0,0759",Y,,22.07.2026,9.56,3,"0,0755",Y,
17,,2,W,30.6.2026,11.35,2,"0,0194",Y,2.7.2026,15.4,3,"0,0345",N,,4.7.2026,12.57,3,"0,0567",Y,"TWO larvae of the same size; the second one weighs 0,0331 (maybe use mean?); the smalller one moved to new dish 110; the one left as 17 half-eclosed; all flowers consumed",6.7.2026,11.56,4,"0,1349",N,,08.07.26,14.22,4,"0,1614",N,ate almost all food,10.07.2026,12.24,4,"0,1312",Y?,,12.07.26,12,4,"0,1163",Y,,14.07.26,17.57,P,"0,1128",NA,just shed,16.07.2026,15.55,P,"0,1128",NA,,18.07.2026,16.09,P,"0,1128",NA,,20.07.2026,16.02,P,"0,1128",NA,,22.07.2026,10.01,P,"0,1128",NA,
18,,3,C,30.6.2026,11.42,1,"0,0149",N,3.7.2026,10.13,1,"0,018",Y,,4.7.2026,16.56,1,"0,0218",Y,,6.7.2026,17.33,1,"0,0263",Y?,,08.07.26,16.35,1,"0,0264",N,actively feeding ,10.07.2026,16.02,1,"0,0247",Y,on plant,12.07.26,13.17,1,"0,0253",Y,,14.07.26,18.5,1,"0,0255",Y,seems unresponsive,16.07.2026,17.34,2,"0,0299",Y?,,18.07.2026,17.58,3,"0,0447",N,,20.07.2026,16.47,3,"0,0536",N ,,22.07.2026,11.04,3,"0,0657",Y,
19,,9,C,30.6.2026,11.45,1,"0,0123",N,2.7.2026,20.3,1?,"0,0128",Y,,4.7.2026,10.56,2,"0,0144",N,freshly shed,6.7.2026,9.5,2,"0,0446",N,,08.07.26,11.49,2,"0,0553",N,,10.07.2026,10.46,3,"0,0804",N,just shed,12.07.26,10.24,4-Mar,"0,133",N,all shit,14.07.26,16.39,4,"0,1729",N,just shed,16.07.2026,15.04,4,"0,1553",Y,,18.07.2026,14.5,4,"0,1326",Y,,20.07.2026,15.08,4,"0,1051",Y,no shit,22.07.2026,9.21,P,"0,1018",N,just shed
20,,2,W,30.6.2026,11.5,2,"0,0186",Y,2.7.2026,15.5,3,"0,0396",N,,4.7.2026,12.4,3,"0,0689",Y,,6.7.2026,12,4,"0,1296",N,shed (skin and capsule),08.07.26,14.3,4,"0,184",N,,10.07.2026,13,4,"0,1609",Y,,12.07.26,12.14,4,"0,1366",Y,fell on the floor,14.07.26,17.51,P,"0,0781",N,big liquid stain around individual; just shed,16.07.2026,15.56,P,"0,0781",NA,,18.07.2026,16.14,P,"0,0781",NA,,20.07.2026,16.02,P,"0,0781",NA,,22.07.2026,10.01,P,"0,0781",NA,
21,,3,C,30.6.2026,11.55,1,"0,0128",N,3.7.2026,10.31,1,"0,0116",Y?,"little feding, but on flower",4.7.2026,17.13,1,"0,0123",N,,6.7.2026,17.42,1,"0,0123",N,no shit,08.07.26,16.25,1,"0,0115",N,,10.07.2026,16.06,1,"0,0103",Y,,12.07.26,13.34,1,"0,0102",Y?,,14.07.26,19,1,"0,0103",Y,,16.07.2026,17.29,1,"0,009",NA,dead; maybe parasitized,18.07.2026,18,1,"0,009",NA,,20.07.2026,16.41,NA,"0,009",NA,,22.07.2026,11.15,NA,"0,009",NA,
22,,11,W,30.6.2026,12,2,"0,0175",N,2.7.2026,21,3,"0,0408",N,flowers a bit iffy,4.7.2026,16.18,3,"0,0623",Y,,6.7.2026,16.47,4,"0,0874",N,,08.07.26,14.52,4,"0,0796",N,flowers withered,10.07.2026,15.01,4,"0,0576",Y?,,12.07.26,12.42,4,"0,0502",N,maybe dead,14.07.26,18.45,NA,"0,0502",NA,,16.07.2026,16.35,NA ,"0,0502",NA,,18.07.2026,16.26,NA,"0,0502",NA,,20.07.2026,17.42,NA,"0,0502",NA,,22.07.2026,10.39,NA,"0,0502",NA,
23,,9,C,30.6.2026,12,1,"0,0032",N,2.7.2026,18.42,1,"0,0051",N,Two larvae in same plate; second one sheddin first to second; very similar in size,4.7.2026,11.32,1,"0,007",N,,6.7.2026,10.13,1,"0,023",N,,08.07.26,11.32,2,"0,0366",N,did not eat; just shed head capsule,10.07.2026,10.55,2,"0,0706",N,all shit,12.07.26,10.36,3,"0,0715",N,found 129 in the petri dish; just shed,14.07.26,16.3,3,"0,1226",N,lots of shit,16.07.2026,14.54,3,"0,1685",Y,lots of shit,18.07.2026,14.55,4-Mar,"0,1718",Y,lots of shit,20.07.2026,15.06,4,"0,1337",Y,cocooning,22.07.2026,9.16,4,"0,1082",Y,
24,,11,C,30.6.2026,12,3,"0,0504",N,2.7.2026,12,3,"0,0737",Y?,,4.7.2026,15.17,3,"0,0727",Y,,6.7.2026,15.13,4,"0,0724",N,shed (head capsule),08.07.26,16,4,"0,0776",Y,flowers withered; actively feeding,10.07.2026,14.19,4,"0,0857",Y,actively feeding,12.07.26,13.07,4,"0,0885",N,actively feeding,14.07.26,18.21,4,"0,0941",Y?,actively feeding,16.07.2026,16.12,4,"0,098",Y?,actively feeding,18.07.2026,16.46,4,"0,0967",Y,,20.07.2026,16.22,4,"0,091",Y,,22.07.2026,10.21,4,"0,0863",Y,
25,,9,W,30.6.2026,12,2,"0,0148",N,2.7.2026,17.4,2,"0,0126",Y,All flowers consumed,4.7.2026,09.58,3,"0,0218",N,,6.7.2026,11.26,3,"0,0728",Y,,08.07.26,10.33,4,"0,1245",Y,ate all food,10.07.2026,10.02,4,"0,1524",Y,ate all flowers,12.07.26,11.01,4,"0,1545",Y?,all shit,14.07.26,17.06,4,"0,1434",Y,,16.07.2026,14.38,4,"0,1217",Y,no shit,18.07.2026,15.13,4,"0,1175",Y,no shit,20.07.2026,15.24,4,"0,0992",Y,DEAD,22.07.2026,4,4,"0,0992",DEAD,
26,,2,C,30.6.2026,12.13,2-Jan,"0,007",N,2.7.2026,16.3,2,"0,0109",N,,4.7.2026,12.17,2-Jan,"0,0137",N,,6.7.2026,14.31,1,"0,0202",Y,,08.07.26,13.01,1,"0,0199",N,did not eat,10.07.2026,11.41,1,"0,0197",N,did not eat,12.07.26,11.26,1,"0,0199",Y ,,14.07.26,17.34,2,"0,0209",N,just shed,16.07.2026,15.29,2,"0,0467",Y,,18.07.2026,15.49,2,"0,0596",Y,,20.07.2026,15.54,2,"0,0729",Y,,22.07.2026,9.42,2,"0,0736",Y,
27,,3,W,30.6.2026,12.32,2,"0,0177",N,3.7.2026,12.13,3,"0,0176",N,,4.7.2026,18.13,3,"0,0309",N,,6.7.2026,18.13,3,"0,0464",Y,,08.07.26,17.15,4-Mar,"0,0495",N,on plant,10.07.2026,16.54,3,"0,0594",Y,,12.07.26,13.49,3,"0,0604",N,,14.07.26,19.59,4-Mar,"0,0264",N,parasite found but larvae seems ok,16.07.2026,17.13,4,"0,0237",Y,parasitized,18.07.2026,17.43,4,"0,0237",NA,Parasite once assigned as 131 but moved to same plate,20.07.2026,17.12,4,"0,0237",NA,,22.07.2026,11.19,NA,"0,0237",NA,
28,,2,C,30.6.2026,12.25,2,"0,0166",Y,2.7.2026,16.35,2,"0,0166",Y,,4.7.2026,12.13,2-Jan,"0,0161",Y,,6.7.2026,13.58,2,"0,0212",N,,08.07.26,12.5,2,"0,0273",N,actively feeding,10.07.2026,12.05,2,"0,0314",Y?,actively feeding,12.07.26,11.17,2,"0,0351",N,actively feeding,14.07.26,17.2,2,"0,0452",Y,,16.07.2026,15.42,2,"0,0512",Y,,18.07.2026,15.41,2,"0,0501",Y,,20.07.2026,15.37,3,"0,0475",N,just shed,22.07.2026,9.52,3,"0,0552",N,
29,,3,W,30.6.2026,12.3,1,"0,0166",N,3.7.2026,11,1,"0,0213",Y,,4.7.2026,18.13,3-Feb,"0,0373",N,,6.7.2026,18.18,3,"0,0655",Y,off flowers,08.07.26,17.32,3,"0,0653",Y,,10.07.2026,16.11,4,"0,0928",N,just shed,12.07.26,14.04,4,"0,1285",N,a lot of shit,14.07.26,19.48,4,"0,1456",N,all shit,16.07.2026,17.2,4,"0,129",Y,,18.07.2026,17.23,4,"0,1076",Y,maybe parasitized,20.07.2026,17.11,P,"0,0988",N,,22.07.2026,11.25,P,"0,0988",NA,
30,,9,W,30.6.2026,12.35,3,"0,048",N,2.7.2026,17.55,5,"0,0793",N,,4.7.2026,10,4,"0,1455",N,all flowers consumed,6.7.2026,11.32,4,"0,1609",N,ate all food,08.07.26,10.15,4,"0,1139",N,plants withered,10.07.2026,10.18,4,"0,1063",N,did not eat; no shit,12.07.26,10.48,4,"0,1042",Y,,14.07.26,16.55,4,"0,1018",Y?,looks parasitized; did not eat,16.07.2026,14.5,4,"0,0748",NA,dead,18.07.2026,15.19,NA,"0,0748",NA,,20.07.2026,15.21,NA,"0,0748",NA,,22.07.2026,9.38,NA,"0,0748",NA,
31,,3,C,30.6.2026,12.56,2-Jan,"0,0177",N,3.7.2026,09.56,2-Jan,"0,021",Y,,4.7.2026,17,2-Jan,"0,0248",N,feeding,6.7.2026,17.38,2-Jan,"0,0266",N?,,08.07.26,16.49,1,"0,0264",N,actively feeding,10.07.2026,15.41,1,"0,0258",Y,actively feeding,12.07.26,13.21,1,"0,0265",Y,,14.07.26,19.04,2,"0,0261",N,just shed,16.07.2026,17.52,2,"0,0286",Y?,,18.07.2026,18.26,3-Feb,"0,0304",Y?,,20.07.2026,16.52,3,"0,0341",Y,,22.07.2026,10.57,4,"0,0342",N,
32,,3,W,30.6.2026,14.45,2,"0,0135",N,3.7.2026,12,3,"0,0176",N,freshly shed,4.7.2026,18.38,3,"0,0276",N,,6.7.2026,18.13,3,"0,0702",N,,08.07.26,17.39,3,"0,0693",Y,on plant,10.07.2026,16.31,4,"0,0809",N,just shed,12.07.26,13.5,4,"0,1264",N,,14.07.26,19.57,4,"0,1518",Y,,16.07.2026,16.53,4,"0,1389",Y,,18.07.2026,17.39,4,"0,1194",Y,maybe parasitized; cocooned,20.07.2026,17.22,4,"0,1138",Y,no shit,22.07.2026,11.27,P,"0,1096",N,just shed
33,,3,W,30.6.2026,14.5,2,"0,0208",N,2.7.2026,11.42,3,"0,0236",N,,4.7.2026,18,3,"0,0351",N,,6.7.2026,18.27,3,"0,0453",N,,08.07.26,17.09,3,"0,0465",N,withered plants,10.07.2026,16.26,3,"0,0474",Y?,,12.07.26,13.53,3,"0,0467",Y?,activelt feeding ,14.07.26,19.54,3,"0,0176",NA,PARASITIZED,16.07.2026,16.56,NA,"0,0176",NA,,18.07.2026,17.21,NA,"0,0176",NA,,20.07.2026,17.13,NA,"0,0176",NA,,22.07.2026,11.18,NA,"0,0176",NA,
34,,11,C,30.6.2026,14.45,2,"0,0189",N,2.7.2026,22.15,3?,"0,0207",N,freshly shed,4.7.2026,15.26,3,"0,038",N,,6.7.2026,15.35,3,"0,0482",N,,08.07.26,16,3,"0,0662",N,actively feeding,10.07.2026,14.18,3,"0,0643",Y,,12.07.26,13.08,3,"0,0615",N,,14.07.26,18.19,4,"0,0835",N,,16.07.2026,16.13,4,"0,1264",N,,18.07.2026,16.45,4,"0,1408",Y,lots of shit,20.07.2026,16.08,4,"0,1612",Y,ate everything,22.07.2026,10.28,4,"0,1716",Y,
35,,3,C,30.6.2026,14.5,1,"0,0067",N,3.7.2026,10.43,1,"0,0099",N,active feeding,4.7.2026,16.54,1,"0,0103",N,,6.7.2026,17.13,1,"0,0152",N,actively feeding,08.07.26,17.02,1,"0,0163",N,,10.07.2026,15.58,1,"0,0192",N?,,12.07.26,13.45,1,"0,0197",Y,,14.07.26,19.1,1,"0,0195",Y,,16.07.2026,17.45,2,"0,0194",N,just shed,18.07.2026,18.12,2,"0,0272",Y,,20.07.2026,17.04,3,"0,035",N ,,22.07.2026,11.02,3,"0,0492",Y,
36,,9,W,30.6.2026,14.55,2,"0,0219",N,2.7.2026,18.3,3,"0,061",N,,4.7.2026,09.48,4,"0,0734",N,,6.7.2026,11,4,"0,1323",N,ate all food,08.07.26,10.3,4,"0,1597",N,,10.07.2026,10.22,4,"0,1308",Y,,12.07.26,10.5,4,"0,1188",Y,,14.07.26,16.48,4,"0,1142",Y,"has pus, maybe parasitized",16.07.2026,14.32,4,"0,108",NA,DEAD,18.07.2026,15.17,4,"0,108",NA,DEAD,20.07.2026,15.23,NA,"0,108",NA,,22.07.2026,9.33,NA,"0,108",NA,
37,,3,C,30.6.2026,15,1,"0,022",Y,3.7.2026,10,1,"0,0216",Y,,4.7.2026,17.21,1,"0,0217",Y,no feeding,6.7.2026,17.28,1,"0,0212",Y,actively feeding,08.07.26,16.22,2,"0,0214",Y,,10.07.2026,16.07,3,"0,0244",N,just shed,12.07.26,13.33,3,"0,0311",N,,14.07.26,19.01,3,"0,0421",N,,16.07.2026,17.59,3,"0,0575",Y,,18.07.2026,18.21,3,"0,0619",Y,actively feeding,20.07.2026,16.57,3,"0,062",Y,forgot to add stage 18.07.,22.07.2026,11.13,4-Mar,"0,0608",Y,
38,,11,W,30.6.2026,15,1,"0,0146",N,2.7.2026,21,3,"0,0269",N,,4.7.2026,15.49,3,"0,052",N,,6.7.2026,16.41,3,"0,0273",N,in bad shape; twitching and puking,08.07.26,15.2,3,"0,0216",Y?,looks dead,10.07.2026,15.09,3,"0,0216",Y,DEAD,12.07.26,12.37,NA,"0,0216",NA,DEAD,14.07.26,18.44,NA,"0,0216",NA,,16.07.2026,16.38,NA,"0,0216",NA,,18.07.2026,16.26,NA,"0,0216",NA,,20.07.2026,17.42,NA,"0,0216",NA,,22.07.2026,10.39,NA,"0,0216",NA,
39,,2,C,30.6.2026,15,3,"0,0397",N,2.7.2026,16.55,3,"0,0494",Y,,4.7.2026,12,3,"0,0551",N,,6.7.2026,14.2,3,"0,0609",Y,off flowers; has fed,08.07.26,12.59,3,"0,0608",N,did not eat,10.07.2026,11.44,3,"0,0603",Y?,,12.07.26,11.25,3,"0,06",N,,14.07.26,17.35,4,"0,0573",N,just shed,16.07.2026,15.27,4,"0,0729",Y?,,18.07.2026,15.32,4,"0,0688",N,,20.07.2026,15.53,4,"0,0522",Y?,flat; DEAD,22.07.2026,9.56,4,"0,0522",NA,
40,,2,W,30.6.2026,15.13,1,"0,0103",Y,2.7.2026,15.55,3,"0,0225",N,,4.7.2026,12.43,3,"0,0611",Y,,6.7.2026,12.13,4,"0,203",N,,08.07.26,12.24,4,"0,2",N,ate almost all food,10.07.2026,12.47,4,"0,175",Y,,12.07.26,12.07,4,"0,1604",Y,,14.07.26,18,P,"0,1502",Y,actively shedding,16.07.2026,15.55,P,"0,1502",NA,,18.07.2026,16.08,P,"0,1502",NA,,20.07.2026,16.04,P,"0,1502",NA,,22.07.2026,10.03,P,"0,1502",NA,
41,,2,W,30.6.2026,15.15,2,"0,0201",N,2.7.2026,15.45,3,"0,0448",N,,4.7.2026,13.54,4,"0,075",N,freshly shed,6.7.2026,12.29,4,"0,1589",N,,08.07.26,12.09.,4,"0,1958",N,consumed all food,10.07.2026,12.44,4,"0,1694",Y,,12.07.26,12.1,4,"0,1449",Y,PARASITIZED?,14.07.26,17.43,P,"0,1412",N,just shed,16.07.2026,15.54,P,"0,1412",NA,,18.07.2026,16.05,P,"0,1412",NA,,20.07.2026,16.04,P,"0,1412",NA,,22.07.2026,10.02,P,"0,1412",NA,
42,,11,C,30.6.2026,15.2,2,"0,0254",N,2.7.2026,22.28,3,"0,0298",N,shed skin present,4.7.2026,15.19,3,"0,0393",N,,6.7.2026,15.24,3,"0,0608",N,,08.07.26,15.52,3,"0,0819",N,,10.07.2026,14.09,3,"0,0803",Y,,12.07.26,12.49,4,"0,0826",N,just shed,14.07.26,18.15,4,"0,1091",N,,16.07.2026,16.3,4,"0,1463",Y?,,18.07.2026,16.56,4,"0,1775",Y,lots of shit,20.07.2026,16.17,4,"0,1934",Y ,all shit,22.07.2026,10.31,4,"0,1804",Y,
43,,3,C,30.6.2026,15.23,3,"0,0346",N,3.7.2026,10.15,3,"0,049",Y,active feeding marks,4.7.2026,17.32,3,"0,0563",N,,6.7.2026,17.31,3,"0,0618",N,actively feeding,08.07.26,16.56,3,"0,0693",N,,10.07.2026,15.47,3,"0,0953",Y?,,12.07.26,13.39,3,"0,0786",Y?,,14.07.26,18.57,3,"0,0772",Y,,16.07.2026,17.32,3,"0,0766",Y,,18.07.2026,18.09,4,"0,0719",N,just shed,20.07.2026,17.05,4,"0,0933",N?,,22.07.2026,9.46,4,"0,0773",Y,
44,,2,C,30.6.2026,15.3,3,"0,0597",N,2.7.2026,16.3,3,"0,0618",Y,,4.7.2026,12.19,3,"0,0615",Y,not feeding,6.7.2026,,4,"0,0589",N,freshky shed; skin present,08.07.26,12.55,4,"0,0607",Y,did not eat,10.07.2026,11.52,4,"0,0624",Y,,12.07.26,11.3,4,"0,0653",N,,14.07.26,17.16,4,"0,0701",N?,,16.07.2026,15.45,4,"0,0748",N,,18.07.2026,15.58,4,"0,0789",N,,20.07.2026,15.43,4,"0,0771",N?,,22.07.2026,11.09,4,"0,0995",Y,
45,,11,W,30.6.2026,15.35,3,"0,0104",N,2.7.2026,21,3,"0,0247",N,,4.7.2026,16,3,"0,0436",Y,,6.7.2026,15.46,3,"0,0455",Y,plants dried; off flowers,08.07.26,15.24,3,"0,0303",Y?,looks dead,10.07.2026,14.54,3,"0,0303",Y,DEAD,12.07.26,12.35,NA,"0,0303",NA,DEAD,14.07.26,18.42,NA,"0,0303",NA,,16.07.2026,16.36,NA,"0,0303",NA,,18.07.2026,16.26,NA,"0,0303",NA,,20.07.2026,17.42,NA,"0,0303",NA,,22.07.2026,10.39,NA,"0,0303",NA,
46,,9,W,30.6.2026,15.4,2,"0,0276",N,2.7.2026,18.27,3,"0,0217",N,flowers dry,4.7.2026,10,3,"0,0779",Y?,,6.7.2026,10.58,4,"0,1521",N,,08.07.26,10.41,4,"0,2512",Y?,ate all food,10.07.2026,9.59,4,"0,2348",Y,,12.07.26,10.54,4,"0,1763",Y?,,14.07.26,17.03,4,"0,1689",Y,,16.07.2026,14.43,4,"0,1634",Y,,18.07.2026,15.2,4,"0,155",Y,no shit; unresponsive,20.07.2026,15.25,4,"0,1513",Y,did not eat; DEAD,22.07.2026,9.31,4,"0,1449",Y,
47,,11,C,30.6.2026,15.45,2-Jan,"0,0088",N,2.7.2026,22.22,2-Jan,"0,0227",Y,,4.7.2026,15.13,1,"0,0222",Y,,6.7.2026,15.15,3,"0,036",N,freshly shed; skin present,08.07.26,15.49,3,"0,0495",Y?,,10.07.2026,13.5,3,"0,0665",Y,,12.07.26,12.57,3,"0,0653",Y ,,14.07.26,18.38,4,"0,0774",N,actively pooping,16.07.2026,16.33,4,"0,1061",N,,18.07.2026,16.31,4,"0,1302",Y?,actively feeding,20.07.2026,16.28,4,"0,1549",Y,,22.07.2026,10.25,4,"0,1646",Y,
48,,11,W,30.6.2026,15.5,2,"0,0231",N,2.7.2026,21.13,3,"0,0526",N,,4.7.2026,16.15,4,"0,0663",N,freshly shed,6.7.2026,16.16,4,"0,1384",N,all flowers consumed,08.07.26,15.14,4,"0,0982",N,unresponsive,10.07.2026,15.1,4,"0,0782",Y,dead?,12.07.26,12.41,4,"0,0716",Y?,maybe dead,14.07.26,18.42,NA,"0,0716",NA,DEAD,16.07.2026,16.36,NA,"0,0716",NA,,18.07.2026,16.26,NA,"0,0716",NA,,20.07.2026,17.42,NA,"0,0716",NA,,22.07.2026,10.39,NA,"0,0716",NA,
49,,11,C,30.6.2026,15.55,2,"0,0142",N,2.7.2026,22.32,2,"0,018",Y,,4.7.2026,15,2,"0,0177",Y,,6.7.2026,15,3,"0,0183",N,freshly shed,08.07.26,15.38,3,"0,0248",N,actively feeding,10.07.2026,13.52,3,"0,035",N,,12.07.26,12.56,3,"0,0414",N,,14.07.26,18.29,3,"0,0431",Y ,,16.07.2026,16.25,3,"0,0418",Y,,18.07.2026,17,3,"0,0418",NA,PARASITIZED; cocooned,20.07.2026,16.13,NA,"0,0418",NA,,22.07.2026,10.34,NA,"0,0418",NA,parasitized
50,,9,C,30.6.2026,15.55,2,"0,0137",N,2.7.2026,18.5,2,"0,0241",Y,,4.7.2026,11.26,3,"0,0262",N,freshly shed,6.7.2026,10.46,3,"0,0636",N,,08.07.26,11.06,4,"0,0709",N,did not eat; just shed,10.07.2026,11.09,4,"0,1028",N,,12.07.26,10.18,4,"0,149",Y?,,14.07.26,16.23,4,"0,1681",Y?,lots of shit,16.07.2026,15.09,4,"0,1514",Y,,18.07.2026,15.01,4,"0,1127",Y,cocooned; parasite outside insect,20.07.2026,15.11,4,"0,1078",Y,no shit,22.07.2026,9.12,P,"0,1017",N,just shed
51,,3,W,30.6.2026,16.15,3,"0,0426",N,3.7.2026,10.48,3,"0,0527",Y?,,4.7.2026,18.23,4,"0,0509",N,,6.7.2026,18,4,"0,0676",N,,08.07.26,17.24,4,"0,0715",N,,10.07.2026,16.47,4,"0,0735",N,actively feeding,12.07.26,13.59,4,"0,0773",N,,14.07.26,19.53,4,"0,0711",N,,16.07.2026,16.57,4,"0,0592",N?,"has parasite, but larva is alive; parasite exited larva",18.07.2026,17.17,4,"0,0452",N,parasitized,20.07.2026,17.37,NA,"0,0452",NA,,22.07.2026,11.31,NA,"0,0452",NA,
52,,3,C,30.6.2026,16.15,3,"0,0447",N,3.7.2026,10.28,3-Feb,"0,0602",N,active feeding,4.7.2026,17.25,3-Feb,"0,0632",Y?,feeding,6.7.2026,17.35,3,"0,064",N?,actively fed,08.07.26,16.58,3,"0,0631",Y,,10.07.2026,15.39,3,"0,0618",Y,,,13.24,3,"0,062",Y,,14.07.26,19.08,3,"0,0619",Y,,16.07.2026,17.5,4,"0,0642",N,just shed,18.07.2026,18.29,4,"0,075",N,,20.07.2026,16.5,4,"0,0905",Y?,,22.07.2026,10.53,4,"0,1005",Y?,
53,,2,W,30.6.2026,16.2,2,"0,206",N,2.7.2026,16,3,"0,0447",N,,4.7.2026,14.19,5-Apr,"0,0692",N,,6.7.2026,12.16,4,"0,1336",N,,08.07.26,14.33,4,"0,1965",N?,ate almost all food,10.07.2026,12.57,4,"0,172",Y,"fell on the floor, sorry",12.07.26,12.13,4,"0,1353",Y,,14.07.26,17.41,P,"0,1276",N,just shed,16.07.2026,15.56,P,"0,1276",NA,,18.07.2026,16.14,P,"0,1276",NA,,20.07.2026,16.04,P,"0,1276",NA,,22.07.2026,10.03,P,"0,1276",NA,
54,,9,C,30.6.2026,16.25,2,"0,0255",Y,2.7.2026,20.2,3,"0,0276",N,,4.7.2026,10.58,3,"0,0542",Y?,,6.7.2026,10.32,3,"0,0799",Y,,08.07.26,11.14,3,"0,1094",N?,did not eat,10.07.2026,10.43,3,"0,1645",N,ate most food,12.07.26,10.26,3,"0,2168",Y,all shit,14.07.26,16.37,4-Mar,"0,1844",Y,lots of shit,16.07.2026,15.05,3,"0,1417",Y,,18.07.2026,14.47,4,"0,1386",N,,20.07.2026,15.1,P,"0,1307",N,just shed,22.07.2026,9.28,P,"0,1307",N,
55,,11,C,30.6.2026,16.25,2,"0,0158",Y,2.7.2026,22,2,"0,0184",Y,,4.7.2026,15.15,3-Feb,"0,022",N,,6.7.2026,15.18,2,"0,0414",N,,08.07.26,15.41,3-Feb,"0,0588",N,actively feeding,10.07.2026,14.29,3-Feb,"0,0637",Y,,12.07.26,12.59,3-Feb,"0,0636",Y?,,14.07.26,18.36,4,"0,0735",N,just shed,16.07.2026,16.21,4,"0,1082",N,,18.07.2026,16.37,4,"0,1291",N?,lots of shit,20.07.2026,16.23,4,"0,1643",Y,,22.07.2026,10.19,4,"0,1652",Y,
56,,2,C,30.6.2026,16.3,3,"0,0308",N,2.7.2026,16.4,3,"0,0455",N,,4.7.2026,12.13,3,"0,0533",N,,6.7.2026,14.28,3,"0,0642",Y,,08.07.26,12.56,4-Mar,"0,064",N,did not eat,10.07.2026,11.5,3,"0,0637",Y?,head capsule looks light,12.07.26,11.12,3,"0,0637",Y,did not eat,14.07.26,17.3,4,"0,0609",N,just shed,16.07.2026,15.4,4,"0,0967",N,,18.07.2026,15.43,4,"0,1135",N?,,20.07.2026,15.35,4,"0,1438",N?,,22.07.2026,9.53,4,"0,152",Y,
57,,11,W,30.6.2026,16.3,2,"0,0184",N,2.7.2026,21.3,3,"0,0394",Y?,,4.7.2026,15.45,3,"0,0574",Y,,6.7.2026,16.11,3,"0,0574",NA,DEAD; flowers dried; larva dried up,08.07.26,,,"0,0574",,,10.07.2026,,,"0,0574",,,12.07.26,,,"0,0574",,,14.07.26,,,"0,0574",,,16.07.2026,,,"0,0574",,,18.07.2026,16.26,NA,"0,0574",NA,,20.07.2026,17.42,NA,"0,0574",NA,,22.07.2026,10.39,NA,"0,0574",NA,
58,,2,C,30.6.2026,16.35,2,"0,0189",N,2.7.2026,16.4,2,"0,0264",Y?,,4.7.2026,12.13,2,"0,0263",Y?,,6.7.2026,14.13,3,"0,0244",N,not feeding but freshly shed,08.07.26,12.31,3,"0,0319",N,,10.07.2026,12.02,3,"0,039",N,,12.07.26,11.18,3,"0,0412",N,,14.07.26,17.18,3,"0,0575",N,,16.07.2026,15.43,3,"0,072",Y,,18.07.2026,16.01,3,"0,0694",Y,,20.07.2026,15.4,3,"0,0694",Y,,22.07.2026,9.57,3,"0,0688",Y,
59,,2,W,30.6.2026,16.35,2,"0,0161",N,2.7.2026,15.35,3,"0,047",N,,4.7.2026,12.37,4,"0,086",N,,6.7.2026,12.42,4,"0,1397",N,ate all food,08.07.26,14.05,4,"0,1493",Y?,consumed all food,10.07.2026,12.45,4,"0,1274",Y,,12.07.26,12.09,4,"0,1104",Y,,14.07.26,17.44,P,"0,1045",N,just shed,16.07.2026,15.55,P,"0,1045",NA,,18.07.2026,16.09,P,"0,1045",NA,,20.07.2026,16.01,P,"0,1045",NA,,22.07.2026,10.02,P,"0,1045",NA,
60,,11,W,30.6.2026,16.45,2-Jan,"0,0172",N,2.7.2026,20.55,3,"0,0427",N,flowers a bit iffy,4.7.2026,15.51,4,"0,0622",N,,6.7.2026,16.38,4,"0,1081",N,ate all food,08.07.26,14.49,4,"0,0557",Y?,"all flowers withered, looks dead",10.07.2026,14.52,4,"0,0557",Y,DEAD,12.07.26,12.36,NA,"0,0557",N,DEAD,14.07.26,18.4,NA,"0,0557",NA,,16.07.2026,16.37,NA,"0,0557",NA,,18.07.2026,16.26,NA,"0,0557",NA,,20.07.2026,17.42,NA,"0,0557",NA,,22.07.2026,10.39,NA,"0,0557",NA,
61,,11,C,30.6.2026,16.47,2,"0,0197",N,2.7.2026,22.25,3,"0,0249",N,freshly shed,4.7.2026,15.29,3,"0,0423",N,,6.7.2026,15.37,3,"0,067",Y,,08.07.26,15.44,4-Mar,"0,0762",Y,,10.07.2026,14.27,3,"0,075",Y,,12.07.26,13.03,4,"0,0865",N,just shed,14.07.26,18.27,4,"0,1133",N,,16.07.2026,16.28,4,"0,1416",N,,18.07.2026,16.58,4,"0,1747",Y,lots of shit,20.07.2026,16.15,4,"0,1732",Y,,22.07.2026,10.33,4,"0,1704",Y,
62,,11,W,30.6.2026,16.5,1,"0,0148",N,2.7.2026,21.2,3,"0,0437",N,,4.7.2026,16.13,4,"0,0638",N,freshly shed,6.7.2026,15.57,4,"0,1128",N,two larvae on plate; seond one first instar; all plants consumed,08.07.26,15.18,4,"0,1371",N,,10.07.2026,15.07,4,"0,1118",N,,12.07.26,12.39,4,"0,0827",N,unresponsive,14.07.26,18.41,NA,"0,024",NA,DEAD,16.07.2026,16.36,NA,"0,024",NA,,18.07.2026,16.26,NA,"0,024",NA,,20.07.2026,17.42,NA,"0,024",NA,,22.07.2026,10.39,NA,"0,024",NA,
63,,9,W,30.6.2026,17.45,2-Jan,"0,0174",N,2.7.2026,18.2,3,"0,0208",N,all flowers consumed,4.7.2026,10.16,3,"0,074",Y,all flowers consumed,6.7.2026,11.2,3,"0,132",N,ate almost all food,08.07.26,10.48,4,"0,1796",Y,ate all flowers,10.07.2026,9.49,4,"0,1542",N,,12.07.26,10.56,4,"0,1445",Y?,,14.07.26,16.54,4,"0,1408",Y,did not eat,16.07.2026,14.29,4,"0,073",Y,PARASITIZED,18.07.2026,15.17,NA,"0,073",NA,PARASITIZED,20.07.2026,15.24,NA,"0,073",NA,,22.07.2026,9.4,NA,"0,073",NA,
64,,9,W,30.6.2026,16.55,1,"0,0104",N,2.7.2026,18.17,2,"0,0282",N,all flowers consumed,4.7.2026,10.19,3,"0,0754",Y,,6.7.2026,11.36,4,"0,1337",N,ate all food,08.07.26,10.07,4,"0,1976",N,ate all flowers,10.07.2026,10.25,4,"0,1585",Y,ate all food,12.07.26,10.53,4,"0,1249",N,did not eat,14.07.26,17.04,P,"0,1174",N,,16.07.2026,18.19,P,"0,1174",NA,,18.07.2026,15.17,P,"0,1174",NA,,20.07.2026,15.23,P,"0,1174",NA,,22.07.2026,9.32,P,"0,1174",NA,
65,,3,W,30.6.2026,17,3,"0,0287",N,3.7.2026,11.46,3,"0,0581",N,,4.7.2026,17.44,3,"0,0683",Y,,6.7.2026,18.51,4,"0,0864",N,"shed, skin and capsule observed",08.07.26,17.26,4,"0,1072",N,,10.07.2026,16.41,4,"0,165",Y,,12.07.26,14.06,4,"0,1729",Y,,14.07.26,19.44,4,"0,1544",Y,,16.07.2026,16.58,4,"0,1333",Y,,18.07.2026,17.15,P,"0,1259",N,just shed,20.07.2026,17.37,P,"0,1259",NA,,22.07.2026,11.25,P,"0,1259",NA,
66,,11,W,30.6.2026,17,2,"0,0137",N,2.7.2026,20.5,3?,"0,0317",N,flowers a bit iffy,4.7.2026,16,3,"0,0435",Y,,6.7.2026,15.53,3,"0,0435",N,freshly shed; skin present; something funny with new skin (partly stuck?); all plants dried,08.07.26,14.57,3,"0,0179",Y,looks dead,10.07.2026,14.55,3,"0,0179",Y,DEAD; maybe parasitized,12.07.26,12.37,NA,"0,0179",N,DEAD,14.07.26,18.44,NA,"0,0179",NA,,16.07.2026,16.38,NA,"0,0179",NA,,18.07.2026,16.26,NA,"0,0179",NA,,20.07.2026,17.42,NA,"0,0179",NA,,22.07.2026,10.39,NA,"0,0179",NA,
67,,3,W,30.6.2026,17,1,"0,0175",N,3.7.2026,11,1,"0,0169",Y,,4.7.2026,17.58,1,"0,0227",N,,6.7.2026,18.23,3,"0,0466",N,,08.07.26,17.13,3,"0,0477",N,on plant,10.07.2026,16.57,3,"0,0512",Y?,,12.07.26,14.11,3,"0,0595",N,actively feeding,14.07.26,19.4,3,"0,0552",Y?,actively feeding,16.07.2026,17.04,3,"0,0381",Y?,parasite excited larva; larva unresponsive,18.07.2026,17.32,3,"0,0333",N,parasitized,20.07.2026,17.38,NA,"0,0333",NA,,22.07.2026,11.3,NA,"0,0333",N,
68,,2,C,30.6.2026,17.13,2,"0,0198",N,2.7.2026,16.45,2,"0,0259",Y?,spitting yellow,4.7.2026,12,2,"0,0241",Y,,6.7.2026,14.13,3,"0,0192",N,stuck in old skin? head out,08.07.26,12.46,3,"0,02",Y,"did not eat, stuck in old skin?",10.07.2026,12.07,3,"0,0186",Y,shedding looks stuck,12.07.26,11.15,3,"0,0173",Y,,14.07.26,17.25,NA,"0,0173",NA,PARASITIZED; found ind 130,16.07.2026,15.32,NA,"0,0173",NA,,18.07.2026,15.41,NA,"0,0173",NA,,20.07.2026,15.47,NA,"0,0173",NA,,22.07.2026,9.51,NA,"0,0173",NA,
69,,3,W,30.6.2026,17.13,2-Jan,"0,023",N,3.7.2026,11.56,3,"0,0232",N,freshly shed skin present,4.7.2026,18.36,3,"0,0474",N,,6.7.2026,18.48,3,"0,069",Y,,08.07.26,17.18,4-Mar,"0,0707",Y?,,10.07.2026,16.24,3,"0,1152",Y?,,12.07.26,13.54,4,"0,1796",N,a lot of shit,14.07.26,20.06,4,"0,1657",Y,all shit,16.07.2026,17.15,4,"0,1421",Y,"cocooned, but Pat is opening it; parasitized but larva alive",18.07.2026,17.41,4,"0,1323",Y,,20.07.2026,17.18,P,"0,1204",N,,22.07.2026,11.25,P,"0,1204",NA,
70,,11,W,30.6.2026,17.15,1,"0,0082",N,2.7.2026,21.35,3,"0,0211",N,flowers a bit iffy,4.7.2026,15.53,3,"0,0403",N,,6.7.2026,16.22,3,"0,0613",Y,off plant; bplants iffy,08.07.26,14.03,3,"0,0498",N,"unresponsive, but could be alive",10.07.2026,,3,"0,0498",N,DEAD,12.07.26,12.39,NA,"0,0498",N,DEAD,14.07.26,18.4,NA,"0,0498",NA,,16.07.2026,16.37,NA,"0,0498",NA,,18.07.2026,16.26,NA,"0,0498",NA,,20.07.2026,17.42,NA,"0,0498",NA,,22.07.2026,10.39,NA,"0,0498",NA,
71,,11,C,30.6.2026,17.35,1,"0,0151",N,2.7.2026,21.45,2,"0,0173",Y,two larvae on dish; bigger measured,4.7.2026,15,3,"0,0238",N,,6.7.2026,15.28,3,"0,0324",N,,08.07.26,15.34,3,"0,0508",N,,10.07.2026,14.01,3,"0,0679",N,,12.07.26,12.45,3,"0,0648",Y,,14.07.26,18.18,4,"0,0658",Y?,actively feeding; just shed,16.07.2026,16.15,4,"0,0951",N ,actively feeding,18.07.2026,16.55,4,"0,1214",Y,,20.07.2026,16.06,4,"0,1513",Y ,ate everything,22.07.2026,10.3,4,"0,1753",Y,
72,,9,C,30.6.2026,17.4,3-Feb,"0,0329",N,2.7.2026,20.25,3-Feb,"0,0477",Y,all flowers consumed,4.7.2026,10.5,3,"0,0572",Y?,,6.7.2026,10.49,4,"0,0574",N,just shed,08.07.26,11.03,4,"0,1003",N,flowers withered,10.07.2026,11.11,4,"0,1497",N,all shit,12.07.26,10.43,4,"0,1523",Y,ate all food,14.07.26,16.25,4,"0,1229",Y,"cocooning, but Pat let it out",16.07.2026,14.58,4,"0,116",Y,maybe parasitized,18.07.2026,15.07,P,"0,1137",N,just shed,20.07.2026,15.18,P,"0,1137",NA,,22.07.2026,09.08,P,"0,1137",NA,
73,,9,W,30.6.2026,18.45,2-Jan,"0,0166",N,2.7.2026,17.45,3,"0,0524",N,all flowers consumed,4.7.2026,10.13,3,"0,0435",Y?,,6.7.2026,11.22,2,"0,0495",N,,08.07.26,10.44,2,"0,0378",Y,did not eat,10.07.2026,9.54,3,"0,0273",N,with parasite on plate?,12.07.26,10.58,3,"0,0238",Y?,did not eat; looks unresponsive,14.07.26,16.52,NA,"0,2",NA,dead,16.07.2026,14.2,NA,"0,2",NA,dead,18.07.2026,15.18,NA,"0,2",NA,,20.07.2026,15.23,NA,"0,2",NA,parasite was on 126,22.07.2026,9.4,NA,"0,2",NA,
74,,2,C,30.6.2026,17.45,3,"0,038",N,2.7.2026,16.5,3,"0,0612",Y,,4.7.2026,12,3,"0,0739",Y?,,6.7.2026,14.26,3,"0,0773",Y,off flowers,08.07.26,12.35,3,"0,0773",Y?,did not eat,10.07.2026,11.57,3,"0,077",N,,12.07.26,11.22,4,"0,0725",N,just shed,14.07.26,17.22,4,"0,0792",N ,actively feeding,16.07.2026,15.36,4,"0,1348",N,a lot of shit,18.07.2026,15.34,4,"0,1581",N,,20.07.2026,15.5,4,"0,1874",Y?,,22.07.2026,9.48,4,"0,1879",Y,
75,,3,C,30.6.2026,17.5,1,"0,0203",N,3.7.2026,10.35,1,"0,0178",Y,no feeding,4.7.2026,17.36,1,"0,018",Y,no feeding,6.7.2026,17.2,2,"0,0175",N,freshly shed; head capsule seen,08.07.26,16.47,2,"0,0203",N,,10.07.2026,15.43,2,"0,0262",N?,,12.07.26,13.2,2,"0,0298",N,,14.07.26,18.47,2,"0,0418",Y,,16.07.2026,17.38,3,"0,0547",Y,,18.07.2026,18.33,3,"0,056",Y,larval stage iffy,20.07.2026,16.49,3,"0,0558",Y,,22.07.2026,11.03,3,"0,0555",Y,
76,,11,C,30.6.2026,17.5,3-Feb,"0,0593",N,2.7.2026,21.42,3,"0,0597",Y,,4.7.2026,15.31,4,"0,0596",N,,6.7.2026,15,5,"0,0615",N,freshly shed; head capsule seen,08.07.26,16.03,4,"0,0689",Y,twitching,10.07.2026,14.14,4,"0,0743",N,,12.07.26,13,4,"0,0795",N,,14.07.26,18.34,4,"0,08",N,,16.07.2026,16.11,4,"0,0849",N,,18.07.2026,16.28,4,"0,0763",N,,20.07.2026,16.12,4,"0,0723",Y?,,22.07.2026,10.34,4,"0,0713",Y,PARASITIZED; parasite just exited larva
77,,3,C,30.6.2026,17.55,1,"0,0094",N,3.7.2026,10.23,1,"0,014",N,active feeding,4.7.2026,17.28,2,"0,0184",N,feeding,6.7.2026,17.13,2,"0,0299",N?,fed actively; off flower,08.07.26,16.32,2,"0,0288",N,actively feeding,10.07.2026,15.53,2,"0,0315",N,,12.07.26,13.31,2,"0,0313",N,,14.07.26,19.02,2,"0,0314",Y,,16.07.2026,17.57,3,"0,0287",Y,actively shedding,18.07.2026,18.23,4,"0,0404",N,just shed,20.07.2026,16.53,4,"0,0516",Y?,,22.07.2026,10.56,4,"0,0604",Y,
78,,2,C,30.6.2026,18,2-Jan,"0,0133",N,2.7.2026,16.25,2,"0,0193",N,,4.7.2026,12.23,2,"0,0248",N,,6.7.2026,14,2,"0,025",Y,,08.07.26,12.39,2,"0,0254",Y,,10.07.2026,11.55,3,"0,0265",N,just shed,12.07.26,11.27,3,"0,0293",N,,14.07.26,17.33,3,"0,0405",N,,16.07.2026,15.37,3,"0,0645",N,actively feeding,18.07.2026,15.47,3,"0,0752",Y?,,20.07.2026,15.38,3,"0,073",Y,,22.07.2026,9.59,3,"0,0719",Y,
79,,3,C,30.6.2026,18,1,"0,0188",N,3.7.2026,10,1,"0,0215",Y,,4.7.2026,16.58,1,"0,0267",Y,,6.7.2026,17.4,1,"0,0244",Y?,actively feeding,08.07.26,16.59,1,"0,0244",Y?,,10.07.2026,15.37,1,"0,0241",Y,,12.07.26,13.26,1,"0,0242",Y,,14.07.26,19.06,2,"0,024",N,,16.07.2026,17.27,3-Feb,"0,0368",Y?,,18.07.2026,18,3,"0,0533",Y?,,20.07.2026,16.45,3,"0,0641",Y?,,22.07.2026,11.06,3,"0,0724",Y,
80,,2,C,30.6.2026,18,2,"0,0205",N,2.7.2026,16.2,3,"0,0251",N,,4.7.2026,12.25,3,"0,0313",N,,6.7.2026,14.15,3,"0,0424",Y?,feeding actively,08.07.26,12.44,3,"0,0545",N,did not eat,10.07.2026,12.09,3,"0,0633",N,,12.07.26,11.14,3,"0,064",N?,,14.07.26,17.29,3,"0,0668",Y,,16.07.2026,15.31,4,"0,0638",N,just shed,18.07.2026,15.56,4,"0,0632",N,,20.07.2026,15.44,4,"0,0671",N,,22.07.2026,9.45,4,"0,0682",N,
81,,3,W,30.6.2026,18,1,"0,0087",N,3.7.2026,10.59,1,"0,0224",Y,,4.7.2026,18.16,2,"0,0251",N,freshly shed (skin present),6.7.2026,17.59,3,"0,0595",N?,,08.07.26,17.16,3,"0,0835",N,,10.07.2026,16.51,3,"0,0793",Y?,,12.07.26,13.55,4,"0,1134",N,just shed,14.07.26,20.04,4,"0,1519",Y,a lot of shit,16.07.2026,17.17,4,"0,1306",NA,maybe parasitized; dead,18.07.2026,17.37,4,"0,1306",NA,PARASITIZED,20.07.2026,17.13,4,"0,1306",NA,,22.07.2026,11.18,NA,"0,1306",NA,
82,,9,C,30.6.2026,18.13,3,"0,0329",N,2.7.2026,18.37,3,"0,0722",Y,,4.7.2026,11.18,3,"0,0735",Y?,,6.7.2026,10,4,"0,0957",N,,08.07.26,11.35,4,"0,1538",N?,ate most food,10.07.2026,10.4,4,"0,1632",N,ate all food,12.07.26,10.28,4,"0,1311",Y,,14.07.26,16.35,4,"0,1138",Y,did not eat,16.07.2026,15.07,P,"0,1111",N,just shed,18.07.2026,14.47,P,"0,1111",NA,,20.07.2026,15.11,P,"0,1111",NA,,22.07.2026,9.28,P,"0,1111",NA,
83,,2,W,30.6.2026,18.15,2,"0,0164",N,2.7.2026,15.2,3,"0,0244",N,Flowers dried up,4.7.2026,14,3,"0,0431",N,,6.7.2026,12.13,3,"0,078",N,,08.07.26,14.38,3,"0,0751",N,,10.07.2026,12.49,3,"0,0722",Y?,,12.07.26,12.05,3,"0,0352",Y?,did not eat; unresponsive,14.07.26,18.01,3,"0,0307",NA,dead,16.07.2026,15.53,NA,"0,0307",NA,,18.07.2026,16.07,NA,"0,0307",NA,larva dried up,20.07.2026,16.01,NA,"0,0307",NA,,22.07.2026,10.02,NA,"0,0307",NA,
84,,3,W,30.6.2026,18.15,1,"0,0161",N,3.7.2026,11.5,1,"0,0212",Y,,4.7.2026,18,3,"0,0265",N,freshly shed (skin present),6.7.2026,17.54,3,"0,0591",N,,08.07.26,17.28,3,"0,072",Y,,10.07.2026,16.47,4,"0,0714",N,just shed,12.07.26,14.05,4,"0,1117",N,,14.07.26,19.47,4,"0,1544",N?,all shit,16.07.2026,17.21,4,"0,1619",Y,lots of shit,18.07.2026,17.21,4,"0,1573",Y,,20.07.2026,17.31,4,"0,1522",Y,,22.07.2026,11.21,4,"0,1407",Y,
85,,2,W,30.6.2026,18.2,1,"0,0165",N,2.7.2026,16,2,"0,0162",N,Check species!?,4.7.2026,13.57,2,"0,0306",Likely P. richrdsoni,,6.7.2026,12.39,2,"0,0437",,Likely P. richardsoni,08.07.26,14.28,2,"0,0538",Y,Likely P. richardsoni,10.07.2026,13.02,3,"0,047",N,just shed,12.07.26,12.17,3,"0,0457",N,,14.07.26,17.5,3,"0,0635",N,,16.07.2026,15.57,3,"0,0377",NA,dead; maybe parasitized,18.07.2026,16.14,NA,"0,0377",NA,larva dried up,20.07.2026,15.57,NA,"0,0377",NA,,22.07.2026,10.08,NA,"0,0377",NA,
86,,9,W,30.6.2026,18.2,1,"0,0217",,2.7.2026,18,3,"0,061",N,All flowers consumed,4.7.2026,10.38,4,"0,0913",N,,6.7.2026,11.38,4,"0,1914",N,ate all food,08.07.26,10.02,4,"0,2499",Y?,flowers withered,10.07.2026,10.11,4,"0,1854",Y,,12.07.26,10.55,4,"0,1813",Y,no shit,14.07.26,17.01,4,"0,1788",Y,,16.07.2026,14.46,4,"0,1627",Y,no shit,18.07.2026,15.15,4,"0,1616",Y,no shit,20.07.2026,15.27,4,"0,1595",Y,did not eat,22.07.2026,9.38,4,"0,1484",Y,
87,,3,C,30.6.2026,18.25,1,"0,013",N,3.7.2026,10.2,1,"0,0174",Y,active feeding,4.7.2026,17.06,1,"0,0194",Y,,6.7.2026,17.18,1,"0,0181",Y,actively feeding,08.07.26,16.42,1,"0,0182",N,,10.07.2026,15.59,1,"0,0171",Y,,12.07.26,13.43,1,"0,018",Y,,14.07.26,18.53,1,"0,0183",Y,maybe parasitized; seems unresponsive,16.07.2026,17.25,1,"0,0174",NA,has no eaten; dead,18.07.2026,18.32,NA,"0,0174",NA,,20.07.2026,16.41,NA,"0,0174",NA,,22.07.2026,11.01,NA,"0,0174",NA,
88,,2,W,30.6.2026,18.3,1,"0,0192",N,2.7.2026,15.3,2,"0,096",N,,4.7.2026,12.34,3,"0,0605",N,,6.7.2026,12.45,4,"0,0724",N,,08.07.26,14.35,4,"0,1513",Y?,ate almost all food,10.07.2026,12.52,4,"0,2005",Y?,all shit,12.07.26,12.03,4,"0,1653",N,ate most food,14.07.26,17.53,4,"0,1446",Y,did not eat; unresponsive; maybe parasitized,16.07.2026,15.59,4,"0,1109",Y,seems parasitized,18.07.2026,16.11,4,"0,1051",Y,unresponsive,20.07.2026,15.59,4,"0,1009",NA,maybe pupating,22.07.2026,10.04,4,"0,0951",Y,seems stuck on its skin
89,,11,W,30.6.2026,18.3,1,"0,0168",N,2.7.2026,21.15,3,"0,0475",Y?,,4.7.2026,15.42,3,"0,0624",Y,,6.7.2026,15.49,4,"0,0631",N,,08.07.26,15.13,4,"0,0351",N,looks dead,10.07.2026,,4,"0,0351",N,DEAD,12.07.26,12.36,NA,"0,0351",N,DEAD,14.07.26,18.43,NA,"0,0351",NA,,16.07.2026,16.35,NA,"0,0351",NA,,18.07.2026,16.26,NA,"0,0351",NA,,20.07.2026,17.42,NA,"0,0351",NA,,22.07.2026,10.39,NA,"0,0351",NA,
90,,9,W,30.6.2026,18.35,2-Jan,"0,0214",N,2.7.2026,18,3,"0,0509",N,All flowers consumed,4.7.2026,10.31,3,"0,0741",Y,,6.7.2026,11.29,3,"0,1371",N,ate all food,08.07.26,10.21,4,"0,1922",Y,ate all food,10.07.2026,10.28,3,"0,1569",Y,ate most food,12.07.26,10.51,3,"0,1491",Y,,14.07.26,16.45,3,"0,137",Y,"unresponsive; squirted out some liquid/pus, maybe parasitized",16.07.2026,14.34,4-Mar,"0,0828",NA,DEAD,18.07.2026,15.17,NA,"0,0828",NA,DEAD,20.07.2026,15.22,NA,"0,0828",NA,,22.07.2026,9.34,NA,"0,0828",NA,
91,,11,C,30.6.2026,18.4,2-Jan,"0,0259",N,2.7.2026,22,3,"0,0303",N,,4.7.2026,15,3,"0,0549",N,,6.7.2026,15.3,3,"0,0724",N,,08.07.26,15.54,3,"0,0754",Y,actively feeding ,10.07.2026,14.06,4,"0,066",N,just shed,12.07.26,12.5,4,"0,0894",N,,14.07.26,18.14,4,"0,1222",N,ate all food ,16.07.2026,16.31,4,"0,1544",N?,,18.07.2026,16.33,4,"0,1761",Y,lots of shit,20.07.2026,16.27,4,"0,1881",Y ,,22.07.2026,10.17,4,"0,1699",Y,
92,,9,W,30.6.2026,18.45,2-Jan,"0,0166",N,,,,,,,4.7.2026,09.53,4-Mar,"0,0645",N,freshly shed,6.7.2026,11.13,4,"0,1577",N,ate all food,08.07.26,10.51,4,"0,1866",Y?,flowers withered,10.07.2026,9.46,4,"0,1423",Y?,flowers withered,12.07.26,11.03,4,"0,1288",Y,,14.07.26,16.59,P,"0,1029",N,,16.07.2026,14.41,P,"0,1029",NA,,18.07.2026,15.19,P,"0,1029",NA,,20.07.2026,15.22,P,"0,1029",NA,,22.07.2026,9.35,P,"0,1029",NA,
93,,11,C,30.6.2026,18.45,2,"0,038",N,2.7.2026,22.13,3,"0,0642",Y?,,4.7.2026,14.56,3,"0,0639",Y,,6.7.2026,14.56,4,"0,0691",N,freshly shed; head capsule seen,08.07.26,15.56,4,"0,0841",Y,,10.07.2026,14.04,4,"0,1161",Y,,12.07.26,13.09,4,"0,1447",N,,14.07.26,18.25,4,"0,1486",Y,,16.07.2026,16.08,4,"0,1473",Y,unresponsive,18.07.2026,17.01,4,"0,1398",Y,parasitized,20.07.2026,16.15,NA,"0,1182",NA,parasitized,22.07.2026,10.32,NA,"0,1182",NA,
94,,11,C,30.6.2026,18.45,1,"0,0026",N,2.7.2026,22.13,1,"0,0083",Y,,4.7.2026,15.34,1,"0,0105",Y,,6.7.2026,15.13,1,"0,0089",Y,"off flower, inactive",08.07.26,16.06,1,"0,0111",N,,10.07.2026,14.13,1,"0,0138",Y,,12.07.26,13.02,1,"0,0199",N ,,14.07.26,18.32,2-Jan,"0,0285",Y,,16.07.2026,16.22,2,"0,027",Y,,18.07.2026,16.35,3,"0,0254",N,just shed,20.07.2026,16.25,4-Mar,"0,0319",Y?,,22.07.2026,10.18,4,"0,0367",Y,
95,,11,W,30.6.2026,18.5,1,"0,0064",N,2.7.2026,21.22,3,"0,0159",N,,4.7.2026,15.38,3,"0,0561",N,,6.7.2026,15.43,3,"0,0493",Y,plants dried,08.07.26,14.54,3,"0,0439",Y,"looks dead, shedded skin looks stuck",10.07.2026,14.56,3,"0,0439",Y,DEAD,12.07.26,12.38,NA,"0,0439",N,DEAD,14.07.26,18.45,NA,"0,0439",NA,,16.07.2026,16.37,NA,"0,0439",NA,,18.07.2026,16.26,NA,"0,0439",NA,,20.07.2026,17.42,NA,"0,0439",NA,,22.07.2026,10.39,NA,"0,0439",NA,
96,,9,C,30.6.2026,18.55,3-Feb,"0,0524",N,2.7.2026,20,3,"0,0669",Y,,4.7.2026,11.16,3,"0,0664",Y,,6.7.2026,10.15,4,"0,0965",N,,08.07.26,11.26,4,"0,1516",N,ate most food,10.07.2026,10.38,4,"0,1598",N,all shit,12.07.26,10.3,4,"0,135",Y,,14.07.26,16.21,4,"0,1091",Y?,,16.07.2026,15.1,4,"0,1023",NA,parasitized; cocooning,18.07.2026,15,4,"0,1023",NA,,20.07.2026,15.13,4,"0,1023",NA,,22.07.2026,9.21,4,"0,1023",NA,
97,,9,W,30.6.2026,19,2-Jan,"0,0201",N,2.7.2026,17.5,3,"0,0481",N,,4.7.2026,10.27,4,"0,0635",Y,all flowers consumed; mid-shedding (head out),6.7.2026,11.13,4,"0,056",N,just shed,08.07.26,10.11,2,"0,05",N,did not eat; looks dead; maybe parasitized,10.07.2026,10.17,2,"0,05",Y,DEAD,12.07.26,11.04,NA,"0,05",N,,14.07.26,16.58,NA,"0,05",NA,,16.07.2026,14.51,NA,"0,05",NA,,18.07.2026,15.19,NA,"0,05",NA,,20.07.2026,15.21,NA,"0,05",NA,,22.07.2026,9.37,NA,"0,05",NA,
98,,,,30.6.2026,,,,,,,,,,,4.7.2026,,,,,,6.7.2026,,,,,,08.07.26,,,,,,10.07.2026,,,,,,12.07.26,,,,,,14.07.26,,,,,,16.07.2026,,,,,,18.07.2026,,,,,,20.07.2026,,,,,,22.07.2026,,,,,
99,,,,30.6.2026,,,,,,,,,,,4.7.2026,,,,,,6.7.2026,,,,,,08.07.26,,,,,,10.07.2026,,,,,,12.07.26,,,,,,14.07.26,,,,,,16.07.2026,,,,,,18.07.2026,,,,,,20.07.2026,,,,,,22.07.2026,,,,,
100,,2,W,30.6.2026,20.35,1,"0,0149",Y,2.7.2026,15.35,2,"0,0286",N,,4.7.2026,12.5,3,"0,0433",Y,all flowers consumed,6.7.2026,11.54,NA,"0,0433",NA,parasite,08.07.26,13.38,NA,"0,0433",NA,,10.07.2026,12.52,NA,"0,0433",NA,parasite,12.07.26,,,"0,0433",NA,,14.07.26,,,"0,0433",,,16.07.2026,,,"0,0433",,,18.07.2026,,,"0,0433",,,20.07.2026,,,"0,0433",,,22.07.2026,,,"0,0433",,
101,,9,C,30.6.2026,20.4,2-Jan,"0,0112",N,2.7.2026,20,2,"0,0201",Y,,4.7.2026,11,3,"0,0227",N,freshly shed,6.7.2026,10.37,3,"0,069",N,,08.07.26,11.17,4,"0,0718",N,did not eat; just shed head capsule,10.07.2026,11.03,4,"0,1235",N,,12.07.26,10.33,4,"0,1639",Y?,all shit,14.07.26,16.33,4,"0,1892",Y,ate all food,16.07.2026,15.02,4,"0,1647",Y,,18.07.2026,14.43,4,"0,1422",Y,cocooned; no shit,20.07.2026,15.13,4,"0,1409",Y,no shit ,22.07.2026,9.18,P,"0,133",N,just shed
102,,3,C,30.6.2026,20.4,3-Feb,"0,0518",S,3.7.2026,10.13,2,"0,0517",Y,no feeding,4.7.2026,17,2,"0,0519",Y,not feeding,6.7.2026,17.23,4?,"0,0534",N,freshly shed; skin and head capsule seen,08.07.26,16.33,3,"0,0586",Y?,actively feeding,10.07.2026,16.04,3,"0,0736",Y?,actively feeding,12.07.26,13.35,3,"0,0768",N ,,14.07.26,18.58,3,"0,0966",N,,16.07.2026,17.3,3,"0,1242",Y?,,18.07.2026,18.36,4,"0,1458",Y?,larval stage iffy,20.07.2026,16.56,4,"0,163",N?,,22.07.2026,10.53,4,"0,1724",Y,
103,,11,W,30.6.2026,20.45,2-Jan,"0,0178",Y,2.7.2026,21.17,3,"0,0321",N,flowers iffy,4.7.2026,16.13,3,"0,0644",Y,,6.7.2026,16.19,3,"0,0644",Y,DEAD,08.07.26,15.17,3,"0,0644",Y,DEAD,10.07.2026,,3,"0,0644",Y,DEAD,12.07.26,12.36,NA,"0,0644",N,DEAD,14.07.26,18.4,NA,"0,0644",NA,,16.07.2026,16.37,NA,"0,0644",NA,,18.07.2026,16.26,NA,"0,0644",NA,,20.07.2026,17.42,NA,"0,0644",NA,,22.07.2026,10.39,NA,"0,0644",NA,
104,,11,C,30.6.2026,20.55,2-Jan,"0,013",N,2.7.2026,21.55,2,"0,0237",Y,,4.7.2026,15.23,2,"0,0234",Y,,6.7.2026,15,3,"0,0323",N,,08.07.26,15.47,3,"0,0502",N,,10.07.2026,14.22,3,"0,0801",Y,,12.07.26,13.06,3,"0,077",Y,,14.07.26,18.23,4,"0,0751",N,just shed,16.07.2026,16.19,4,"0,0921",N?,,18.07.2026,16.4,4,"0,1356",Y?,,20.07.2026,16.1,4,"0,149",Y?,all shit,22.07.2026,10.26,4,"0,1912",Y,
105,,9,W,30.6.2026,20.55,1,"0,0173",N,2.7.2026,17.59,3,"0,0228",N,,4.7.2026,10.23,3,"0,058",Y,,6.7.2026,11,4,"0,1404",N,,08.07.26,10.25,4,"0,1752",Y,flowers withered but mostly eaten,10.07.2026,10.23,4,"0,1405",Y,,12.07.26,10.46,4,"0,1357",Y,,14.07.26,16.57,4,"0,1117",Y,burst with parasite,16.07.2026,14.52,NA,"0,1117",NA,"larva dried up, not possible to weigh",18.07.2026,15.2,NA,"0,1117",NA,,20.07.2026,15.22,NA,"0,1117",NA,,22.07.2026,9.36,NA,"0,1117",NA,
106,,3,W,30.6.2026,21,1,"0,0143",N,3.7.2026,11.39,1,"0,0182",Y,,4.7.2026,18.13,2,"0,0301",N,,6.7.2026,18.29,3,"0,0654",N,,08.07.26,17.37,3,"0,0691",Y,,10.07.2026,16.36,3,"0,0824",Y?,on plant,12.07.26,13.47,4,"0,1255",N,a lot of shit,14.07.26,20.03,4,"0,143",y,all shit ,16.07.2026,17.19,4,"0,1401",Y,,18.07.2026,17.35,4,"0,12",Y,,20.07.2026,17.09,4,"0,1182",Y,no shit,22.07.2026,11.26,4,"0,1133",Y,reall dark and slow
107,N,3,C,,,,,,3.7.2026,12.15,1,"0,0041",Y,,4.7.2026,17.13,1,"0,004",Y,not feeding,6.7.2026,17.13,1,"0,0042",N,on flower,08.07.26,16.44,1,"0,0058",Y?,actively feeding,10.07.2026,15.45,1,"0,0049",Y,,12.07.26,13.4,1,"0,0071",Y,actively feeding; seems unresponsive,14.07.26,18.55,1,"0,0098",Y,,16.07.2026,17.41,2,"0,0148",N,actively feeding ,18.07.2026,18.17,2,"0,0184",Y,,20.07.2026,17,2,"0,0215",Y ,,22.07.2026,11.12,2,"0,0206",Y,
108,N,3,C,,,,,,3.7.2026,12.15,1,"0,0046",N,,4.7.2026,17.15,1,"0,0113",N,feeding,6.7.2026,17.25,1,"0,015",Y,actively fed,08.07.26,16.54,2,"0,0182",Y ,on plant,10.07.2026,15.49,2,"0,0213",Y,,12.07.26,13.38,2,"0,0246",Y,,14.07.26,18.55,3-Feb,"0,0234",Y,,16.07.2026,17.33,3-Feb,"0,023",Y,,18.07.2026,18.05,4-Mar,"0,0216",N,just shed; larval stage iffy,20.07.2026,16.43,4-Mar,"0,0281",Y?,,22.07.2026,11.07,4,"0,0362",Y,actively shedding
109,N,3,W,,,,,,3.7.2026,12.15,1,"0,014",N,,4.7.2026,17.54,1,"0,0136",Y?,,6.7.2026,18.43,2,"0,0219",N,,08.07.26,17.07,2,"0,023",Y,,10.07.2026,16.28,2,"0,0273",Y,actively feeding,12.07.26,13.51,2,"0,0339",Y?,,14.07.26,19.56,2,"0,033",Y,,16.07.2026,16.54,2,"0,0134",NA,PARASITIZED; parasite exited larva,18.07.2026,17.38,2,"0,0134",NA,,20.07.2026,17.12,2,"0,0134",NA,,22.07.2026,11.18,NA,"0,0134",NA,
110,N,2,W,,,,,,,,,,,,4.7.2026,13,3,"0,0331",N,"split from 17, which contained two larvae at the same stage",6.7.2026,12.24,3,"0,0491",N,,08.07.26,14.18,3,"0,0661",Y,,10.07.2026,12.31,4,"0,1253",N,just shed,12.07.26,12.23,4,"0,1693",N,all shit,14.07.26,17.59,4,"0,1448",Y,,16.07.2026,16,4,"0,1193",Y,no shit; seems unresponsive,18.07.2026,16.11,4,"0,1111",Y,unresponsive,20.07.2026,15.57,4,"0,1018",Y ,maybe dead,22.07.2026,10.06,4,"0,0986",Y,
111,N,2,W,,,,,,,,,,,,4.7.2026,14.13,2-Jan,"0,0086",N,,6.7.2026,12.13,3-Feb,"0,0285",N,,08.07.26,14.13,3-Feb,"0,0854",N,flowers withered,10.07.2026,12.4,4,"0,1417",N,all shit,12.07.26,12.19,4,"0,1957",N,all shit,14.07.26,17.48,4,"0,1753",Y,ate a lot,16.07.2026,16.01,4,"0,1009",Y,dead; very flat; maybe parasitized ,18.07.2026,16.09,NA,"0,1009",NA,,20.07.2026,15.57,NA,"0,1009",NA,,22.07.2026,10.07,NA,"0,1009",NA,
112,N,2,C,,,,,,,,,,,,4.7.2026,14.17,1,"0,0082",N,,6.7.2026,13.52,1,"0,02",N,,08.07.26,12.42,1,"0,0272",N,,10.07.2026,11.53,1,"0,0273",,,12.07.26,11.28,1,"0,027",Y,,14.07.26,17.31,2-Jan,"0,0268",Y,actively feeding,16.07.2026,15.39,2,"0,0519",Y,,18.07.2026,15.45,3,"0,0677",N,just shed,20.07.2026,15.33,3,"0,074",Y?,actively pooping,22.07.2026,9.55,3,"0,0807",Y,
113,N,11,W,,,,,,,,,,,,4.7.2026,16,1,"0,0108",Y,found in 66,6.7.2026,16.44,2,"0,0187",N,flowers dry-ish,08.07.26,15.26,2,"0,0187",N,dry flowers,10.07.2026,14.59,2,"0,006",Y,DEAD,12.07.26,12.38,NA,"0,006",N,DEAD,14.07.26,18.43,NA,"0,006",NA,,16.07.2026,16.35,NA,"0,006",NA,,18.07.2026,16.26,NA,"0,006",NA,,20.07.2026,17.42,NA,"0,006",NA,,22.07.2026,10.39,NA,"0,006",NA,
114,N,3,W,,,,,,,,,,,,4.7.2026,18.27,1,"0,0041",N,found in wild flower,6.7.2026,18.45,2,"0,0071",N,freshly shed,08.07.26,17.05,2,"0,022",N,,10.07.2026,16.16,2,"0,0254",Y,,12.07.26,14.13,3,"0,0386",N,,14.07.26,19.39,3,"0,0736",Y,,16.07.2026,17.07,4,"0,1088",N,"larval stage iffy, should be 4?",18.07.2026,17.32,4,"0,1632",Y?,all shit,20.07.2026,17.23,4,"0,2003",Y,all shit,22.07.2026,11.24,4,"0,1901",Y,
115,N,3,W,,,,,,,,,,,,4.7.2026,18.27,1,"0,0026",N,found in wild flower,6.7.2026,18.2,1,"0,004",Y,,08.07.26,17.21,2,"0,0097",N,,10.07.2026,16.18,2,"0,0198",Y,,12.07.26,14.14,3,"0,0225",N?,,14.07.26,19.37,3,"0,0704",Y,ate most food,16.07.2026,17.09,4,"0,0756",N,just shed,18.07.2026,17.49,4,"0,1193", N,all shit,20.07.2026,17.35,4,"0,1591",Y,all shit,22.07.2026,11.2,4,"0,1521",Y,
116,N,2,C,,,,,,,,,,,,,,,,,,6.7.2026,14,3,"0,0149",N,found on wild flower,08.07.26,12.58,3,"0,027",N,did not eat,10.07.2026,11.49,3,"0,0318",N,,12.07.26,11.24,3,"0,0352",N,,14.07.26,17.37,3,"0,0426",N,,16.07.2026,15.26,3,"0,0649",Y,,18.07.2026,15.54,4,"0,0642",Y,HOUSE NUMBER WRONG; CHECK,20.07.2026,15.46,4,"0,0644",Y,"house and treatment was misassigned (11, W); actively shedding",22.07.2026,9.43,4,"0,0638",Y,
117,N,11,W,,,,,,,,,,,,,,,,,,6.7.2026,16,1,"0,0156",Y,found in 62,08.07.26,14.56,1,"0,0145",Y?,looks dead,10.07.2026,,1,"0,0145",Y,DEAD,12.07.26,12.37,NA,"0,0145",N,DEAD,14.07.26,18.44,NA,"0,0145",NA,,16.07.2026,16.38,NA,"0,0145",NA,,18.07.2026,16.26,NA,"0,0145",NA,,20.07.2026,17.42,NA,"0,0145",NA,,22.07.2026,10.39,NA,"0,0145",NA,
118,N,11,W,,,,,,,,,,,,,,,,,,6.7.2026,16,4-Mar,"0,0254",N,found on wild flower; freshly shed,08.07.26,15.22,4-Mar,"0,015",Y?,looks dead,10.07.2026,,4-Mar,"0,015",Y,DEAD,12.07.26,12.36,NA,"0,015",N,DEAD,14.07.26,18.41,NA,"0,015",NA,,16.07.2026,16.36,NA,"0,015",NA,,18.07.2026,16.26,NA,"0,015",NA,,20.07.2026,17.42,NA,"0,015",NA,,22.07.2026,10.39,NA,"0,015",NA,
119,N,11,C,,,,,,,,,,,,,,,,,,6.7.2026,16,2,"0,0089",N,found on wild flower,08.07.26,15.36,2,"0,0201",N,did not feed,10.07.2026,13.54,2,"0,0197",Y,,12.07.26,12.47,3,"0,0232",N,just shed,14.07.26,18.17,3,"0,0368",Y,,16.07.2026,16.16,3,"0,0542",Y,,18.07.2026,16.5,3,"0,0652",Y,,20.07.2026,16.19,3,"0,0632",Y,,22.07.2026,10.23,4,"0,065",N,just shed
120,N,3,W,,,,,,,,,,,,,,,,,,6.7.2026,18.58,3-Feb,"0,0362",N,found on wild flower,08.07.26,17.11,3,"0,0469",Y ,,10.07.2026,16.14,3,"0,0551",Y,,12.07.26,14.02,3,"0,0997",N,,14.07.26,19.49,4-Mar,"0,1329",Y?,all shit,16.07.2026,17.12,3,"0,1189",Y,,18.07.2026,17.45,4-Mar,"0,0989",Y,,20.07.2026,17.16,4,"0,0952",Y,no shit,22.07.2026,11.29,P,"0,0938",N,just shed
121,N,3,W,,,,,,,,,,,,,,,,,,6.7.2026,18.58,1,"0,0108",N,found on wild flower,08.07.26,17.36,1,"0,0082",Y,squeezed by the lid,10.07.2026,16.39,1,"0,0037",Y,,12.07.26,14.08,NA,NA,"0,0037",PARASITIZED,14.07.26,19.43,1,"0,0019",NA,,16.07.2026,17,NA,"0,0019",NA,cocooned,18.07.2026,17.15,NA,"0,0019",NA,,20.07.2026,17.23,NA,"0,0019",NA,,22.07.2026,11.31,NA,"0,0019",NA,
122,N,3,C,,,,,,,,,,,,,,,,,,6.7.2026,18.58,1,"0,0088",N,found on wild flower,08.07.26,16.28,1,"0,0113",N,actively feeding,10.07.2026,15.55,1,"0,0134",Y,,12.07.26,13.3,1,"0,0178",N,,14.07.26,18.51,1,"0,0255",Y,,16.07.2026,17.27,2,"0,0272",N,,18.07.2026,18.03,2,"0,0268",Y,,20.07.2026,16.42,3,"0,0319",Y?,,22.07.2026,10.59,4,"0,0456",Y,
123,N,3,C,,,,,,,,,,,,,,,,,,6.7.2026,18.58,2,"0,0205",N,found on wild flower,08.07.26,16.52,2,"0,0285",N,on plant,10.07.2026,15.51,2,"0,0353",Y,,12.07.26,13.19,2,"0,0397",N,actively feeding,14.07.26,18.48,2,"0,0463",Y,,16.07.2026,17.36,2,"0,0488",Y,,18.07.2026,17.55,2,"0,0489",Y,,20.07.2026,16.54,2,"0,0455",Y ,seems weak,22.07.2026,10.55,2,"0,043",Y,looks parasitized
124,N,3,C,,,,,,,,,,,,,,,,,,6.7.2026,18.58,1,"0,0165",N,found on wild flower,08.07.26,17,1,"0,0193",N,,10.07.2026,15.34,1,"0,0245",Y,,12.07.26,13.28,2,"0,0235",N,,14.07.26,19.05,2,"0,0227",Y,actively feeding,16.07.2026,17.39,3,"0,0215",N,just shed,18.07.2026,18.19,3,"0,0331",N,larval stage iffy,20.07.2026,16.38,3,"0,0428",N,,22.07.2026,10.49,3,"0,0581",Y,
125,N,3,C,08.07.26,16.39,,,,,,,,,,,,,,,,,,,,,,08.07.26,16.4,1,"0,0071",N,found on wild flower,10.07.2026,16.01,1,"0,0084",Y,actively feeding,12.07.26,13.42,2,"0,0111",N,,14.07.26,18.54,2,"0,0179",Y?,actively feeding,16.07.2026,17.43,2,"0,0201",Y?,,18.07.2026,18.14,2,"0,0199",Y?,,20.07.2026,17.03,2,"0,0199",Y,,22.07.2026,11.11,3,"0,0208",N,
127,N,11,C,,,,,,,,,,,,,,,,,,,,,,,,,,,,,,10.07.2026,13.58,1,"0,0043",Y,found on wild flowers,12.07.26,12.52,1,"0,0045",N ,,14.07.26,18.3,2,"0,009",N,,16.07.2026,16.24,2,"0,0155",Y?,,18.07.2026,16.42,2,"0,0195",Y,,20.07.2026,16.09,2,"0,0191",Y,,22.07.2026,10.27,3,"0,0208",N,
128,N,11,C,,,,,,,,,,,,,,,,,,,,,,,,,,,,,,10.07.2026,14.26,1,"0,0023",Y,found on wild flowers,12.07.26,13.05,1,"0,0017",Y ,,14.07.26,18.24,1,"0,0021",Y?,did not eat,16.07.2026,16.18,2,"0,0018",N,,18.07.2026,16.49,2,"0,0022",N,,20.07.2026,16.2,2,"0,0018",N?,,22.07.2026,10.22,2,"0,0015",N,
129,N,9,C,,,,,,,,,,,,,,,,,,,,,,,,,,,,,,,,,,,,12.07.26,10.4,2,"0,016",Y?,found in 23; found on wild flower,14.07.26,16.29,3,"0,0311",N,just shed,16.07.2026,14.56,3,"0,0587",Y,a lot of shit,18.07.2026,14.53,4-Mar,"0,0769",N,lots of shit,20.07.2026,15.07,4,"0,1163",Y,all shit,22.07.2026,9.27,4,"0,1376",Y,
130,N,2,C,,,,,,,,,,,,,,,,,,,,,,,,,,,,,,,,,,,,,,,,,,14.07.26,17.26,1,"0,0042",N,found on ind 68,16.07.2026,14.33,1,"0,0066",Y,actively feeding,18.07.2026,15.57,2,"0,0099",N,actively feeding; just shed,20.07.2026,15.49,2,"0,013",Y,,22.07.2026,9.49,3,"0,0142",N,
132,,9,C,,,,,,,,,,,,,,,,,,,,,,,,,,,,,,,,,,,,,,,,,,,,,,,,16.07.2026,15.11,1,"0,0051",N,found on wild flower for 96; missing shedding,18.07.2026,14.58,1,"0,0139",Y,,20.07.2026,15.15,3-Feb,"0,0231",N,larval stage is iffy,22.07.2026,9.29,3,"0,0441",Y,
133,,3,W,,,,,,,,,,,,,,,,,,,,,,,,,,,,,,,,,,,,,,,,,,,,,,,,,17.02,2-Jan,"0,0105",Y,found on wild flower for 15,18.07.2026,17.26,3-Feb,"0,0242",N,,20.07.2026,17.29,3,"0,0424",Y,all shit,22.07.2026,11.22,3,"0,0675",Y,
